text,label
I still dunno my schedule frfr,youngin
I'm fina pass out sr,youngin
Tryna keep my eyes open,youngin
is the stuff in the fridge still good,youngin
bye asf😭,youngin
yes just leave it there if ya don’t mind,youngin
730 ish🫩,youngin
yeah ik that’s fine,youngin
idk what you mean,youngin
forgot to add hehe,youngin
michael said it’s gone be okay,youngin
omg free my baby mookie!!!,youngin
that just ain’t right ,youngin
you need to file a report that’s yo face,youngin
OH EM GEE,youngin
yesss pleaseee,youngin
i wanna support the brand,youngin
i want a chanel 🫩,youngin
like baby you 12 fr,youngin
i can’t believe it either,youngin
they need some content? 😃,youngin
literally ,youngin
mr bragg was actually my friend when i read that omg,youngin
or did they,youngin
Afro-surrealism af,youngin
taught me so much ,youngin
yes!,youngin
i love toni morrison tho,youngin
selma your analogies man,youngin
i love a good wine night,youngin
Got my wine got my Moomoo ✅,youngin
ouuu i’m down,youngin
i wanna do puerto rico for my birthday ,youngin
yes😭,youngin
you are the computer boo,youngin
i think it’ll be live streamed on youtube,youngin
i have finals im so irra,youngin
get out of hereee😭😭,youngin
MILAN THIS IS A JOKE,youngin
when is it,youngin
off werk ,youngin
Feeling: hongry ,youngin
yessss so long and healthy,youngin
she’s growing!,youngin
Yuurrrr,youngin
#gamechanger,youngin
oh helloooo !!!,youngin
Yo😭😭😭,youngin
i-,youngin
Bro I was free from the lactose intolerance for a while but it’s back again 🫩💔,youngin
they somewhere,youngin
idk,youngin
Here I come I js opened the door,youngin
I’m in the Oliver if ur rdy,youngin
Ahhh bless u queen thank u ,youngin
Kk thts fine ill lyk when to walk over,youngin
And im chilling js tired honestly wbu??,youngin
Wspp,youngin
i like dat,youngin
couldn’t see his face so i was like dats prob brian ,youngin
unlesssss we do a some musical improv,youngin
bc we are the closing act ,youngin
did ya lock the door,youngin
Leaving ,youngin
perf,youngin
is it canceled cuz i’m still in lab,youngin
ok right boom,youngin
skrawberry please queen,youngin
selma you are crazy😭😭,youngin
umm…,
real,
they don’t stop🫩,
I have a cute outfit on and don’t even give a damn no more ,
see you tomorrow🫡,
I will attempt to pull an all nights ngl,
Dawg I already went home😭,
Bet,
Going on dnd if you need me notify anyway ,
Thank you brotha ,
Yea gotchu I need do some too,
Np! You got this ,
okay thanks! ,
Also can u pls email stuff to my bison email instead of gmail cuz that gmail is on my phone so its just convenient ,
Girl I was just about to ask the gc wtf he just said ,
Just shared ,
mb mb Imma turn on my notifications 😭😭,
No worries lol ,
But yeah we gon be here,
U studying tdy ?,
Going on dnd but if you come I’ll be down here ,
I Js gotta check it more,
Rightttt,
girl i was saying that,
Sheeeeeesh,
we saw some things from that team that #inspired us that maybe the harold isn’t terrible terrible,
Thank you 🥹,
Okay fab ,
Wonderful to hearrrrr,
yeah you al good. stay locked in,
"Oh, okay. Be careful about eating seafood around other people, because they could be allergic.",oldhead
"Yes, it is. You can delete it from your phone.",oldhead
I knew you would ask. For Keeping Oakland Housed or something like that.,oldhead
"Okay, it’s important.",oldhead
"You’re welcome. I am emailing the link, it is other stuff, too.",oldhead
"Love ya, too.",oldhead
"I am looking at a website Hope for Students, I will send it. They said you can go to the Student Affairs & Basic Needs Offices and apply for emergency grants, meal vouchers, short term housing and textbooks assistance. ",oldhead
I fixed the browser from crashing.,oldhead
"Okay, Google Blue Vervain.",oldhead
Research the herbs before you get them. The side effects.,oldhead
We have Passion Flower here.,oldhead
Interesting 😀,oldhead
Okay. You will be surly blessed.,oldhead
Remember the car is Velda she let me use it. See you all around 4:00pm.,oldhead
"Good morning, how are you? Thinking of you, I want to say hello and love you.",oldhead
"Good morning, could you please watch Jaxs at my home tonight? I have to be at h Hospital tonight be home tomorrow morning around 6 am.",oldhead
"Good morning, how are you doing?  Please call me or text me. Love you.",oldhead
"Good morning, how are you doing? Have a great day ❤️",oldhead
"Good morning how are you?  I am. just checking on you, to say Hi and I love you",oldhead
"Hi, how are you? Could you order me a Pizza please?",oldhead
"What changed? I’ve also been talking to Cassydi, and she has an interest in data science. I was checking out Howard BS in Data Science.",oldhead
"What high school did she attend? Love me some Town people. Also, where yal studying? Feels like I haven’t seen that space.",oldhead
"It’s not urgent, we can chat anytime this weekend.",oldhead
"I got you, just gotta make a phone call. The check would be paid directly to your management company. What’s their payment info?",oldhead
"Not for rent assistance. Is it difficult to find a part time job in DC? I may know someone that can provide some relief, but what’s your budget and what was the plan to handle it?",oldhead
"Man, I love Howard!! Hey, you know we’re coming your way this year. How’s the start of the year?",oldhead
"Hi Selma, Merry Christmas to you too. I hope you’re enjoying your time with your mom. 🤗💗",oldhead
"Hi Selma, thank you my precious niece. 🤗😘♥️",oldhead
"Hi Selma, Happy Birthday!🤗🤗",oldhead
"Good morning, our lunch was at 11, but we can reschedule for when you’re home next time. I have errands to do today, and you need to get ready to leave tomorrow.

We’ll see each other next time. Safe travels!!",oldhead
"Hi Selma, I got the Charlotte Tillbury finishing spray. Instead of spraying it after my makeup is on, I used it before. It looks good!

Do you think it works ok before?",oldhead
Yep more than great . Kept a smile on my face grooving to his rhythm’s. ,oldhead
Hi are you down here with ellison at Mr Henry’s?,oldhead
Yes Daughter and as usual we didn’t get funds till last week. They paid Amir directly to help last week and he left for college. 😢,oldhead
Can you put it on your FB page too. Thanks.,oldhead
"Please forward the flyer to folks in your social network.  We need help getting the word out cause they didn’t fund us till literally so late we had to use some of our own cash. Send to your friends, and past schools. Thank you. ",oldhead
"Ok. I can only order 2 of each book and 3 for just a couple. Cause we have less money to spend this year.  When you get home and finish call me so we can go over the quantity, which should be listed next to the book title.  Let’s finish this today, please. 🙏🏽.  I will be at my martial arts class from 5:30 to 6:30.  Call me around 7:30. Tnx love. 💗 Love 💗",oldhead
I love this video!  I know Ann Johnson now! May God protect and guide her and us all!  Speaking truth to power is not cowardice! ,oldhead
😀 Who is that with you? Where are you?,oldhead
It will take about an hour to get to the airport .,oldhead
"Okay, I was just about to call you. Did you tell him I said hi?",oldhead
Okay. Just seeing how you're getting home.,oldhead
"Love ya, too. Call me when you land.",oldhead
Do you see the mountains?,oldhead
"Okay, spend it wisely. Oh, okay, I don’t know what is going on in the lounge. Good idea is to have a theater there.",oldhead
That is what I told you. Go to a restaurant near. I emailed you some info.,oldhead
"Oh, I forgot about the time of your plane from DC.",oldhead
"I got it, thanks.",oldhead
It’s blurry. Try to send it to my email.,oldhead
I can’t watch it. What is the name of the place?,oldhead
"Right, but it might. You would not believe what I am watching.",oldhead
"Good, try to get one with him.",oldhead
"Hi, nice. Did you see her or she sent the picture to you?",oldhead
"Keep our business to yourself. Call me back soon, before it gets too late.",oldhead
Who is the renter? And how is the unit installed?,oldhead
Wow! Do you ever ask him for one?,oldhead
What is a wall unit?,oldhead
Did you do the time sheet?,oldhead
I hope you got insurance on the van.,oldhead
"Okay, are you in DC, now?",oldhead
"Good morning, how are you are you in  New York?",oldhead
What are you doing?,oldhead
"I believe, you could be right, Sun. ",oldhead
Praise the Lord everyone is okay and that Malika is safe in Utah.,oldhead
Looks good.,oldhead
"Wow, what year taken?",oldhead
"Hopefully, we can do that here.",oldhead
"This phone is becoming worse. I need you to make a call, right now, for me.",oldhead
Don't forget to send me her address and phone number.,oldhead
"I thought it was leaving in about 30 minutes or so? Yes, you did.",oldhead
"I think you saw that purse before. When will the bus leave, now?",
I am. I just ate a sandwich. I will find something later if I get hungry.,
"Well, no sense of me cooking.",
"Good. I forgot my phone, when I went to the store.",
Are you okay?,
Ok. Got it. ,
The FOWC videos were supposed be reviewed when we captured the content. They were delayed.,
I think Dropbox forced us to do add it. ,
Oh my! I’ll flag this with them. Thankfully it’s going to spam.,
"You are welcome, my Love.  Stay healthy; you look fantastic!",
I captured pics of the graffiti on these high rises. You probably passed them downtown LA. ,
I will pick you up at 9:45am. Looking forward. Hugs.,
Hi!  What area are you in downtown?,
Yes I did. Sorry I didn’t call you back. Let’s talk soon. 😘,
"Wonderful. Thank God you had a safe journey.  I’m glad you came. 

I will mail your charger this weekend when I return. 

Hugs. ",
"Ok. Keep me posted so wait up. 

Did Angie and Whitney head home?",
When will you arrive?,
Oh good!  Good luck!,
OK thanks for sharing.,
Hey Baby Girl!  Thank you very much😘😘😘,
Yes I will. Thanks for caring. ,
Hey Love!  Thank you!  Merry Christmas!,
So did you get the job?,
Hello 👋🏽 did you get the job at the Jamaican restaurant?,
I’m out town with family at moment but yes. ,
Yes that’s fine.,
"The little one can go back and forth , the mom is in front yard.",
Yes. They will be.,
My pleasure.,
Nice speaking with you.  Look forward to talking to yall.,